{
	"south": [
		{
			"lat": -56,
			"lon": -180
		},
		{
			"lat": -56.4167,
			"lon": -175
		},
		{
			"lat": -56.25,
			"lon": -170
		},
		{
			"lat": -55.6667,
			"lon": -165
		},
		{
			"lat": -54.75,
			"lon": -160
		},
		{
			"lat": -53.9167,
			"lon": -155
		},
		{
			"lat": -53.6667,
			"lon": -150
		},
		{
			"lat": -53.6667,
			"lon": -145
		},
		{
			"lat": -53.6667,
			"lon": -140
		},
		{
			"lat": -53.6667,
			"lon": -135
		},
		{
			"lat": -53.9167,
			"lon": -130
		},
		{
			"lat": -54.0833,
			"lon": -125
		},
		{
			"lat": -54.25,
			"lon": -120
		},
		{
			"lat": -54.6667,
			"lon": -115
		},
		{
			"lat": -55.25,
			"lon": -110
		},
		{
			"lat": -55.75,
			"lon": -105
		},
		{
			"lat": -56.25,
			"lon": -100
		},
		{
			"lat": -57,
			"lon": -95
		},
		{
			"lat": -57.75,
			"lon": -90
		},
		{
			"lat": -58.5,
			"lon": -85
		},
		{
			"lat": -59,
			"lon": -80
		},
		{
			"lat": -58.75,
			"lon": -75
		},
		{
			"lat": -58,
			"lon": -70
		},
		{
			"lat": -57,
			"lon": -65
		},
		{
			"lat": -56,
			"lon": -60
		},
		{
			"lat": -55,
			"lon": -55
		},
		{
			"lat": -50,
			"lon": -50
		},
		{
			"lat": -47.5,
			"lon": -45
		},
		{
			"lat": -46,
			"lon": -40
		},
		{
			"lat": -44.5,
			"lon": -35
		},
		{
			"lat": -44,
			"lon": -30
		},
		{
			"lat": -43.5,
			"lon": -25
		},
		{
			"lat": -43.5,
			"lon": -20
		},
		{
			"lat": -43.5,
			"lon": -15
		},
		{
			"lat": -44,
			"lon": -10
		},
		{
			"lat": -44.5,
			"lon": -5
		},
		{
			"lat": -44.5,
			"lon": 0
		},
		{
			"lat": -44.6667,
			"lon": 5
		},
		{
			"lat": -44.8333,
			"lon": 10
		},
		{
			"lat": -45,
			"lon": 15
		},
		{
			"lat": -45.1667,
			"lon": 20
		},
		{
			"lat": -45.25,
			"lon": 25
		},
		{
			"lat": -45.3333,
			"lon": 30
		},
		{
			"lat": -45,
			"lon": 35
		},
		{
			"lat": -43.5,
			"lon": 40
		},
		{
			"lat": -42.6667,
			"lon": 45
		},
		{
			"lat": -42.6667,
			"lon": 50
		},
		{
			"lat": -44.5,
			"lon": 55
		},
		{
			"lat": -48.6667,
			"lon": 60
		},
		{
			"lat": -50.5833,
			"lon": 65
		},
		{
			"lat": -50.9167,
			"lon": 70
		},
		{
			"lat": -50.9167,
			"lon": 75
		},
		{
			"lat": -50.6667,
			"lon": 80
		},
		{
			"lat": -50.4167,
			"lon": 85
		},
		{
			"lat": -50,
			"lon": 90
		},
		{
			"lat": -49,
			"lon": 95
		},
		{
			"lat": -47.75,
			"lon": 100
		},
		{
			"lat": -46,
			"lon": 105
		},
		{
			"lat": -46,
			"lon": 110
		},
		{
			"lat": -46,
			"lon": 115
		},
		{
			"lat": -46,
			"lon": 120
		},
		{
			"lat": -48.8333,
			"lon": 125
		},
		{
			"lat": -50.75,
			"lon": 130
		},
		{
			"lat": -51.9167,
			"lon": 135
		},
		{
			"lat": -52.25,
			"lon": 140
		},
		{
			"lat": -52.4167,
			"lon": 145
		},
		{
			"lat": -52.75,
			"lon": 150
		},
		{
			"lat": -53.25,
			"lon": 155
		},
		{
			"lat": -53.8333,
			"lon": 160
		},
		{
			"lat": -54.25,
			"lon": 165
		},
		{
			"lat": -54.8333,
			"lon": 170
		},
		{
			"lat": -55.4167,
			"lon": 175
		},
		{
			"lat": -56,
			"lon": 180
		}
	],
	"maxLat": 90,
	"minLat": -42.6667
}